{
	"id": "18e311c8-f5c8-488f-9065-933938d1f33d",
	"name": "TBOIndia BE",
	"values": [
		{
			"key": "RC_TBOAIR_URL",
			"value": "",
			"type": "default",
			"enabled": true
		},
		{
			"key": "RC_TBOINDIA_URL",
			"value": "",
			"type": "default",
			"enabled": true
		},
		{
			"key": "FirstName",
			"value": "",
			"type": "default",
			"enabled": true
		},
		{
			"key": "LastName",
			"value": "",
			"type": "default",
			"enabled": true
		},
		{
			"key": "Origin",
			"value": "",
			"type": "default",
			"enabled": true
		},
		{
			"key": "Destination",
			"value": "",
			"type": "default",
			"enabled": true
		},
		{
			"key": "PreferredDepartureTime",
			"value": "",
			"type": "default",
			"enabled": true
		},
		{
			"key": "PreferredArrivalTime",
			"value": "",
			"type": "default",
			"enabled": true
		},
		{
			"key": "PreferredDepartureTimeRT",
			"value": "",
			"type": "default",
			"enabled": true
		},
		{
			"key": "PreferredArrivalTimeRT",
			"value": "",
			"type": "default",
			"enabled": true
		},
		{
			"key": "AUTHTokenId",
			"value": "",
			"type": "any",
			"enabled": true
		},
		{
			"key": "TraceId",
			"value": "",
			"type": "any",
			"enabled": true
		},
		{
			"key": "ResultIndex",
			"value": "",
			"type": "any",
			"enabled": true
		},
		{
			"key": "Fare_BE",
			"value": "",
			"type": "any",
			"enabled": true
		},
		{
			"key": "FareRules",
			"value": "",
			"type": "any",
			"enabled": true
		},
		{
			"key": "ValidatingAirline",
			"value": "",
			"type": "any",
			"enabled": true
		},
		{
			"key": "LastTicketDate",
			"value": "",
			"type": "any",
			"enabled": true
		},
		{
			"key": "Segments_BE",
			"value": "",
			"type": "any",
			"enabled": true
		},
		{
			"key": "PNR",
			"value": "",
			"type": "default",
			"enabled": true
		},
		{
			"key": "Itinerary",
			"value": "",
			"type": "any",
			"enabled": true
		},
		{
			"key": "todayDate",
			"value": "",
			"type": "any",
			"enabled": true
		},
		{
			"key": "MiniFareRules",
			"value": "",
			"type": "any",
			"enabled": true
		},
		{
			"key": "FareClassification",
			"value": "",
			"type": "any",
			"enabled": true
		},
		{
			"key": "Segments_BE1",
			"value": "",
			"type": "any",
			"enabled": true
		},
		{
			"key": "Segments_BE2",
			"value": "",
			"type": "any",
			"enabled": true
		},
		{
			"key": "Baggage",
			"value": "",
			"type": "any",
			"enabled": true
		},
		{
			"key": "Seats",
			"value": "",
			"type": "any",
			"enabled": true
		},
		{
			"key": "PaxBaggage",
			"value": "",
			"type": "any",
			"enabled": true
		},
		{
			"key": "PaxSeat",
			"value": "",
			"type": "any",
			"enabled": true
		}
	],
	"_postman_variable_scope": "environment",
	"_postman_exported_at": "2024-10-07T11:19:08.737Z",
	"_postman_exported_using": "Postman/11.14.1"
}